{"stats":{"minecraft:broken":{"minecraft:stone_pickaxe":3,"minecraft:stone_axe":1},"minecraft:mined":{"minecraft:tuff":8,"minecraft:oak_sapling":13,"minecraft:deepslate_diamond_ore":3,"minecraft:cobblestone_stairs":8,"minecraft:granite":29,"minecraft:grass_block":8,"minecraft:hay_block":8,"minecraft:redstone_ore":2,"minecraft:carrots":9,"minecraft:iron_ore":8,"minecraft:andesite":11,"minecraft:deepslate_lapis_ore":6,"minecraft:potatoes":8,"minecraft:deepslate_iron_ore":50,"minecraft:stone":232,"minecraft:white_wool":1,"minecraft:deepslate_redstone_ore":7,"minecraft:cornflower":1,"minecraft:crafting_table":6,"minecraft:torch":2,"minecraft:short_grass":7,"minecraft:blast_furnace":2,"minecraft:cobblestone":2,"minecraft:deepslate_gold_ore":7,"minecraft:lapis_ore":4,"minecraft:sugar_cane":1,"minecraft:diorite":5,"minecraft:blue_bed":1,"minecraft:wall_torch":6,"minecraft:wheat":14,"minecraft:birch_leaves":4,"minecraft:coal_ore":50,"minecraft:oak_log":374,"minecraft:beetroots":1,"minecraft:dirt":40,"minecraft:gold_ore":6,"minecraft:oak_leaves":110,"minecraft:deepslate":88},"minecraft:killed_by":{"minecraft:player":2,"minecraft:zombie":1},"minecraft:used":{"minecraft:iron_sword":29,"minecraft:wooden_shovel":34,"minecraft:torch":87,"minecraft:dirt":36,"minecraft:carrot":33,"minecraft:iron_axe":445,"minecraft:furnace":3,"minecraft:oak_sapling":100,"minecraft:beetroot_seeds":1,"minecraft:potato":6,"minecraft:cooked_beef":2,"minecraft:cobbled_deepslate":9,"minecraft:wheat_seeds":18,"minecraft:cooked_mutton":4,"minecraft:water_bucket":5,"minecraft:diorite":5,"minecraft:cobblestone_stairs":104,"minecraft:stone_pickaxe":471,"minecraft:wooden_pickaxe":22,"minecraft:blue_bed":2,"minecraft:crafting_table":8,"minecraft:blast_furnace":3,"minecraft:pumpkin_seeds":2,"minecraft:bread":17,"minecraft:iron_pickaxe":36,"minecraft:stone_axe":39,"minecraft:wooden_sword":32,"minecraft:cobblestone":5,"minecraft:cooked_porkchop":8,"minecraft:bucket":6},"minecraft:custom":{"minecraft:interact_with_smithing_table":1,"minecraft:mob_kills":15,"minecraft:interact_with_crafting_table":49,"minecraft:leave_game":1,"minecraft:time_since_death":151072,"minecraft:climb_one_cm":19396,"minecraft:sprint_one_cm":408088,"minecraft:walk_one_cm":336860,"minecraft:drop":44,"minecraft:talked_to_villager":148,"minecraft:play_time":203309,"minecraft:deaths":3,"minecraft:sneak_time":3104,"minecraft:walk_under_water_one_cm":7257,"minecraft:jump":2779,"minecraft:walk_on_water_one_cm":13397,"minecraft:total_world_time":203309,"minecraft:interact_with_furnace":78,"minecraft:traded_with_villager":144,"minecraft:sleep_in_bed":10,"minecraft:time_since_rest":0,"minecraft:damage_taken":2621,"minecraft:damage_dealt":2460,"minecraft:swim_one_cm":16925,"minecraft:fly_one_cm":383794,"minecraft:open_chest":29,"minecraft:crouch_one_cm":7391,"minecraft:fall_one_cm":74382},"minecraft:crafted":{"minecraft:wooden_sword":1,"minecraft:smooth_stone":3,"minecraft:oak_planks":1812,"minecraft:stone_shovel":15,"minecraft:furnace":4,"minecraft:blast_furnace":1,"minecraft:cobblestone_stairs":116,"minecraft:stone":3,"minecraft:cooked_mutton":4,"minecraft:iron_boots":1,"minecraft:bow":1,"minecraft:iron_axe":2,"minecraft:stone_pickaxe":4,"minecraft:oak_button":2,"minecraft:stone_hoe":14,"minecraft:wheat":72,"minecraft:cooked_beef":4,"minecraft:emerald":80,"minecraft:cooked_porkchop":10,"minecraft:crafting_table":3,"minecraft:wooden_pickaxe":1,"minecraft:baked_potato":9,"minecraft:iron_helmet":1,"minecraft:iron_sword":1,"minecraft:blue_bed":1,"minecraft:bucket":1,"minecraft:bread":129,"minecraft:air":0,"minecraft:blue_dye":3,"minecraft:apple":48,"minecraft:iron_chestplate":3,"minecraft:shield":1,"minecraft:stick":3550,"minecraft:iron_ingot":58,"minecraft:iron_pickaxe":1,"minecraft:blue_wool":3,"minecraft:iron_leggings":3,"minecraft:gold_ingot":13,"minecraft:torch":88},"minecraft:dropped":{"minecraft:stone_hoe":14,"minecraft:bread":64,"minecraft:granite":29,"minecraft:iron_leggings":2,"minecraft:sugar_cane":3,"minecraft:cobbled_deepslate":6,"minecraft:stone_shovel":15,"minecraft:carrot":1,"minecraft:poppy":2,"minecraft:iron_chestplate":2,"minecraft:arrow":2},"minecraft:picked_up":{"minecraft:crafting_table":6,"minecraft:wheat":12,"minecraft:wooden_pickaxe":2,"minecraft:cornflower":3,"minecraft:wooden_sword":3,"minecraft:cobbled_deepslate":89,"minecraft:wooden_shovel":2,"minecraft:poppy":2,"minecraft:sugar_cane":3,"minecraft:blue_wool":1,"minecraft:raw_iron":58,"minecraft:stick":68,"minecraft:torch":8,"minecraft:porkchop":10,"minecraft:diorite":5,"minecraft:carrot":46,"minecraft:redstone":40,"minecraft:arrow":2,"minecraft:rotten_flesh":16,"minecraft:beetroot_seeds":1,"minecraft:hay_block":8,"minecraft:mutton":5,"minecraft:white_wool":8,"minecraft:cobblestone":243,"minecraft:cooked_beef":8,"minecraft:andesite":11,"minecraft:potato":33,"minecraft:tuff":6,"minecraft:oak_log":517,"minecraft:dirt":48,"minecraft:cobblestone_stairs":7,"minecraft:blue_bed":1,"minecraft:lapis_lazuli":59,"minecraft:bone":3,"minecraft:apple":16,"minecraft:wheat_seeds":47,"minecraft:raw_gold":13,"minecraft:stone_pickaxe":3,"minecraft:oak_planks":9,"minecraft:cooked_porkchop":30,"minecraft:blast_furnace":2,"minecraft:diamond":3,"minecraft:stone_axe":2,"minecraft:granite":29,"minecraft:bread":23,"minecraft:emerald":34,"minecraft:oak_sapling":117,"minecraft:coal":77},"minecraft:killed":{"minecraft:skeleton":2,"minecraft:pig":4,"minecraft:sheep":3,"minecraft:zombie":6}},"DataVersion":3953}