{"stats":{"minecraft:crafted":{"minecraft:wooden_sword":1,"minecraft:cookie":126,"minecraft:smooth_stone":3,"minecraft:oak_planks":4180,"minecraft:chainmail_helmet":8,"minecraft:stone_shovel":15,"minecraft:furnace":4,"minecraft:blast_furnace":1,"minecraft:cobblestone_stairs":116,"minecraft:stone":3,"minecraft:bone_meal":36,"minecraft:cooked_mutton":4,"minecraft:bow":1,"minecraft:diamond_leggings":1,"minecraft:iron_boots":1,"minecraft:iron_axe":2,"minecraft:stone_pickaxe":4,"minecraft:diamond_boots":1,"minecraft:oak_button":2,"minecraft:stone_hoe":15,"minecraft:chainmail_leggings":12,"minecraft:wheat":72,"minecraft:cooked_beef":4,"minecraft:emerald":184,"minecraft:cooked_porkchop":10,"minecraft:crafting_table":3,"minecraft:iron_helmet":1,"minecraft:wooden_pickaxe":1,"minecraft:baked_potato":37,"minecraft:iron_sword":1,"minecraft:blue_bed":1,"minecraft:bucket":1,"minecraft:stone_axe":1,"minecraft:bread":142,"minecraft:air":0,"minecraft:blue_dye":3,"minecraft:apple":48,"minecraft:iron_chestplate":4,"minecraft:golden_apple":1,"minecraft:shield":1,"minecraft:stick":8293,"minecraft:iron_ingot":63,"minecraft:iron_pickaxe":3,"minecraft:blue_wool":3,"minecraft:iron_leggings":7,"minecraft:gold_ingot":29,"minecraft:torch":212},"minecraft:broken":{"minecraft:stone_pickaxe":4,"minecraft:iron_axe":2,"minecraft:stone_axe":1},"minecraft:mined":{"minecraft:tuff":8,"minecraft:oak_sapling":13,"minecraft:deepslate_diamond_ore":7,"minecraft:cobblestone_stairs":8,"minecraft:granite":30,"minecraft:grass_block":8,"minecraft:hay_block":8,"minecraft:redstone_ore":2,"minecraft:carrots":49,"minecraft:iron_ore":24,"minecraft:andesite":11,"minecraft:deepslate_lapis_ore":16,"minecraft:potatoes":20,"minecraft:deepslate_iron_ore":103,"minecraft:stone":263,"minecraft:white_wool":1,"minecraft:deepslate_redstone_ore":11,"minecraft:crafting_table":6,"minecraft:cornflower":1,"minecraft:torch":6,"minecraft:short_grass":9,"minecraft:blast_furnace":2,"minecraft:cobblestone":2,"minecraft:lapis_ore":4,"minecraft:deepslate_gold_ore":30,"minecraft:oak_planks":3,"minecraft:sugar_cane":1,"minecraft:diorite":5,"minecraft:blue_bed":1,"minecraft:wall_torch":8,"minecraft:wheat":54,"minecraft:birch_leaves":8,"minecraft:oak_log":980,"minecraft:coal_ore":130,"minecraft:beetroots":35,"minecraft:dirt":40,"minecraft:gold_ore":6,"minecraft:oak_leaves":289,"minecraft:deepslate":114},"minecraft:dropped":{"minecraft:stone_hoe":14,"minecraft:bread":64,"minecraft:oak_slab":1,"minecraft:crafting_table":1,"minecraft:cobblestone":9,"minecraft:granite":30,"minecraft:chainmail_helmet":7,"minecraft:coal":32,"minecraft:golden_apple":1,"minecraft:lava_bucket":1,"minecraft:iron_leggings":5,"minecraft:iron_pickaxe":1,"minecraft:iron_shovel":1,"minecraft:chainmail_leggings":12,"minecraft:bucket":4,"minecraft:sugar_cane":3,"minecraft:cobbled_deepslate":70,"minecraft:raw_iron":64,"minecraft:stone_shovel":15,"minecraft:rotten_flesh":10,"minecraft:carrot":1,"minecraft:poppy":2,"minecraft:iron_chestplate":2,"minecraft:andesite":19,"minecraft:bow":1,"minecraft:arrow":2},"minecraft:custom":{"minecraft:interact_with_smithing_table":2,"minecraft:mob_kills":39,"minecraft:interact_with_crafting_table":58,"minecraft:leave_game":2,"minecraft:time_since_death":262002,"minecraft:climb_one_cm":37795,"minecraft:sprint_one_cm":792684,"minecraft:walk_one_cm":590938,"minecraft:damage_blocked_by_shield":480,"minecraft:drop":90,"minecraft:talked_to_villager":245,"minecraft:play_time":314239,"minecraft:deaths":3,"minecraft:sneak_time":12401,"minecraft:walk_under_water_one_cm":7300,"minecraft:jump":4798,"minecraft:interact_with_blast_furnace":5,"minecraft:walk_on_water_one_cm":15412,"minecraft:total_world_time":314239,"minecraft:interact_with_furnace":83,"minecraft:traded_with_villager":282,"minecraft:sleep_in_bed":16,"minecraft:time_since_rest":46047,"minecraft:damage_taken":3310,"minecraft:damage_dealt":5039,"minecraft:swim_one_cm":17658,"minecraft:fly_one_cm":703660,"minecraft:open_chest":52,"minecraft:crouch_one_cm":28795,"minecraft:fall_one_cm":128791},"minecraft:killed":{"minecraft:skeleton":21,"minecraft:pig":4,"minecraft:sheep":3,"minecraft:zombie":11},"minecraft:picked_up":{"minecraft:crafting_table":6,"minecraft:wheat":52,"minecraft:wooden_pickaxe":2,"minecraft:cornflower":3,"minecraft:wooden_sword":3,"minecraft:iron_leggings":1,"minecraft:iron_shovel":1,"minecraft:beetroot":33,"minecraft:cobbled_deepslate":181,"minecraft:bucket":4,"minecraft:poppy":2,"minecraft:wooden_shovel":2,"minecraft:iron_pickaxe":1,"minecraft:sugar_cane":3,"minecraft:blue_wool":1,"minecraft:stick":138,"minecraft:raw_iron":129,"minecraft:torch":18,"minecraft:porkchop":10,"minecraft:diorite":5,"minecraft:carrot":197,"minecraft:redstone":59,"minecraft:arrow":12,"minecraft:rotten_flesh":26,"minecraft:beetroot_seeds":95,"minecraft:hay_block":8,"minecraft:mutton":5,"minecraft:cobblestone":274,"minecraft:white_wool":8,"minecraft:cooked_beef":8,"minecraft:andesite":30,"minecraft:potato":73,"minecraft:tuff":6,"minecraft:oak_log":1122,"minecraft:cobblestone_stairs":7,"minecraft:lapis_lazuli":117,"minecraft:dirt":48,"minecraft:blue_bed":1,"minecraft:bone":7,"minecraft:apple":21,"minecraft:wheat_seeds":152,"minecraft:raw_gold":36,"minecraft:stone_pickaxe":3,"minecraft:oak_planks":13,"minecraft:oak_slab":2,"minecraft:cooked_porkchop":30,"minecraft:blast_furnace":2,"minecraft:diamond":8,"minecraft:stone_axe":2,"minecraft:granite":30,"minecraft:bone_meal":3,"minecraft:emerald":35,"minecraft:bread":23,"minecraft:oak_sapling":168,"minecraft:coal":157},"minecraft:killed_by":{"minecraft:player":2,"minecraft:zombie":1},"minecraft:used":{"minecraft:shield":24,"minecraft:iron_sword":102,"minecraft:wooden_shovel":34,"minecraft:stone_hoe":25,"minecraft:torch":182,"minecraft:dirt":36,"minecraft:carrot":124,"minecraft:iron_axe":1133,"minecraft:oak_sapling":155,"minecraft:furnace":3,"minecraft:beetroot_seeds":83,"minecraft:cooked_beef":2,"minecraft:potato":22,"minecraft:cobbled_deepslate":47,"minecraft:wheat_seeds":48,"minecraft:cooked_mutton":4,"minecraft:water_bucket":7,"minecraft:diorite":5,"minecraft:cobblestone_stairs":104,"minecraft:stone_pickaxe":524,"minecraft:wooden_pickaxe":22,"minecraft:blue_bed":2,"minecraft:cookie":2,"minecraft:oak_slab":1,"minecraft:crafting_table":8,"minecraft:blast_furnace":3,"minecraft:pumpkin_seeds":2,"minecraft:oak_log":2,"minecraft:apple":6,"minecraft:bread":40,"minecraft:iron_pickaxe":232,"minecraft:stone_axe":139,"minecraft:wooden_sword":32,"minecraft:cobblestone":33,"minecraft:cooked_porkchop":8,"minecraft:bucket":8,"minecraft:bone_meal":39}},"DataVersion":3953}