{"stats":{"minecraft:crafted":{"minecraft:cobbled_deepslate_slab":72,"minecraft:oak_planks":1196,"minecraft:stone_shovel":12,"minecraft:furnace":2,"minecraft:stone":88,"minecraft:bone_meal":12,"minecraft:bookshelf":1,"minecraft:diamond_leggings":1,"minecraft:bow":1,"minecraft:iron_boots":1,"minecraft:iron_axe":3,"minecraft:ladder":6,"minecraft:stone_pickaxe":4,"minecraft:chest":1,"minecraft:stone_hoe":2,"minecraft:cooked_beef":9,"minecraft:oak_slab":12,"minecraft:deepslate":17,"minecraft:emerald":89,"minecraft:cooked_porkchop":5,"minecraft:crafting_table":8,"minecraft:wooden_pickaxe":3,"minecraft:baked_potato":4,"minecraft:smithing_table":1,"minecraft:brown_bed":3,"minecraft:fletching_table":1,"minecraft:birch_planks":96,"minecraft:bucket":1,"minecraft:stone_axe":1,"minecraft:bread":5,"minecraft:air":0,"minecraft:lectern":1,"minecraft:book":3,"minecraft:wooden_hoe":1,"minecraft:iron_chestplate":1,"minecraft:paper":270,"minecraft:stick":2028,"minecraft:stone_slab":48,"minecraft:iron_ingot":66,"minecraft:iron_pickaxe":1,"minecraft:wooden_axe":3,"minecraft:stone_sword":2,"minecraft:iron_shovel":2,"minecraft:white_bed":8,"minecraft:torch":20,"minecraft:shears":1},"minecraft:broken":{"minecraft:iron_shovel":1,"minecraft:stone_sword":1,"minecraft:stone_pickaxe":1,"minecraft:iron_axe":2,"minecraft:stone_axe":1,"minecraft:wooden_axe":1,"minecraft:stone_shovel":1},"minecraft:mined":{"minecraft:white_bed":8,"minecraft:oak_sapling":2,"minecraft:mossy_cobblestone":5,"minecraft:cobblestone_stairs":3,"minecraft:ladder":2,"minecraft:grass_block":299,"minecraft:composter":1,"minecraft:furnace":1,"minecraft:carrots":201,"minecraft:fire":15,"minecraft:iron_ore":4,"minecraft:potatoes":33,"minecraft:dirt_path":127,"minecraft:oak_stairs":8,"minecraft:stone":82,"minecraft:glass_pane":3,"minecraft:dandelion":2,"minecraft:powder_snow":4,"minecraft:oak_fence":1,"minecraft:crafting_table":1,"minecraft:short_grass":54,"minecraft:lectern":1,"minecraft:tall_grass":9,"minecraft:cobblestone":35,"minecraft:sugar_cane":497,"minecraft:oak_planks":20,"minecraft:diorite":26,"minecraft:wall_torch":1,"minecraft:birch_log":34,"minecraft:wheat":21,"minecraft:birch_leaves":9,"minecraft:yellow_bed":6,"minecraft:oak_log":366,"minecraft:coal_ore":44,"minecraft:beetroots":34,"minecraft:sand":81,"minecraft:gravel":14,"minecraft:dirt":185,"minecraft:dispenser":2,"minecraft:stonecutter":2,"minecraft:oak_leaves":231},"minecraft:dropped":{"minecraft:stone_hoe":2,"minecraft:bread":2,"minecraft:birch_planks":1,"minecraft:wheat_seeds":59,"minecraft:cooked_beef":2,"minecraft:oak_log":23,"minecraft:mossy_cobblestone":5,"minecraft:cookie":1,"minecraft:stick":31,"minecraft:cobblestone_stairs":3,"minecraft:oxeye_daisy":1,"minecraft:dirt":13,"minecraft:diorite":24,"minecraft:wooden_hoe":1,"minecraft:torch":7,"minecraft:cornflower":2,"minecraft:oak_stairs":8,"minecraft:stonecutter":1,"minecraft:string":2,"minecraft:white_wool":1,"minecraft:bone":102,"minecraft:dandelion":7,"minecraft:oak_door":1,"minecraft:gravel":7,"minecraft:cobbled_deepslate":6,"minecraft:stone_shovel":14,"minecraft:beetroot":1,"minecraft:rotten_flesh":2,"minecraft:oak_planks":35,"minecraft:carrot":119,"minecraft:poppy":23,"minecraft:potato":18,"minecraft:beetroot_seeds":2,"minecraft:ladder":1,"minecraft:wooden_pickaxe":2,"minecraft:arrow":3,"minecraft:bow":2,"minecraft:stone_pickaxe":1},"minecraft:custom":{"minecraft:mob_kills":34,"minecraft:animals_bred":1,"minecraft:interact_with_crafting_table":69,"minecraft:bell_ring":21,"minecraft:leave_game":2,"minecraft:time_since_death":140339,"minecraft:climb_one_cm":55849,"minecraft:sprint_one_cm":1223161,"minecraft:walk_one_cm":1214714,"minecraft:drop":253,"minecraft:talked_to_villager":73,"minecraft:play_time":288369,"minecraft:sneak_time":5380,"minecraft:deaths":9,"minecraft:walk_under_water_one_cm":17906,"minecraft:jump":3787,"minecraft:walk_on_water_one_cm":34265,"minecraft:total_world_time":288369,"minecraft:interact_with_furnace":48,"minecraft:traded_with_villager":106,"minecraft:interact_with_stonecutter":1,"minecraft:sleep_in_bed":11,"minecraft:time_since_rest":13633,"minecraft:damage_taken":3860,"minecraft:damage_dealt":18224,"minecraft:swim_one_cm":15088,"minecraft:fly_one_cm":457428,"minecraft:open_chest":26,"minecraft:crouch_one_cm":9254,"minecraft:fall_one_cm":90130,"minecraft:inspect_dispenser":1},"minecraft:killed":{"minecraft:skeleton":3,"minecraft:pig":2,"minecraft:iron_golem":15,"minecraft:creeper":2,"minecraft:sheep":1,"minecraft:zombie":6,"minecraft:cow":4},"minecraft:picked_up":{"minecraft:wooden_axe":2,"minecraft:crafting_table":16,"minecraft:wheat":35,"minecraft:suspicious_stew":3,"minecraft:ladder":7,"minecraft:wooden_pickaxe":11,"minecraft:oak_stairs":10,"minecraft:cornflower":2,"minecraft:string":2,"minecraft:iron_axe":6,"minecraft:beetroot":33,"minecraft:cobbled_deepslate":67,"minecraft:bucket":5,"minecraft:beef":11,"minecraft:poppy":31,"minecraft:lectern":1,"minecraft:sugar_cane":522,"minecraft:birch_sapling":27,"minecraft:furnace":8,"minecraft:iron_boots":5,"minecraft:stick":748,"minecraft:raw_iron":68,"minecraft:oak_door":1,"minecraft:composter":1,"minecraft:oak_fence":1,"minecraft:torch":33,"minecraft:porkchop":5,"minecraft:cookie":1,"minecraft:diorite":144,"minecraft:carrot":657,"minecraft:stone_sword":3,"minecraft:arrow":7,"minecraft:stone_shovel":4,"minecraft:rotten_flesh":29,"minecraft:beetroot_seeds":92,"minecraft:shears":7,"minecraft:mutton":4,"minecraft:birch_log":93,"minecraft:white_wool":25,"minecraft:cobblestone":463,"minecraft:oxeye_daisy":3,"minecraft:cooked_beef":4,"minecraft:brown_wool":27,"minecraft:leather":2,"minecraft:potato":98,"minecraft:flint":2,"minecraft:oak_log":388,"minecraft:cobblestone_stairs":3,"minecraft:yellow_bed":6,"minecraft:gunpowder":2,"minecraft:wooden_hoe":3,"minecraft:dirt":650,"minecraft:paper":3,"minecraft:cooked_mutton":2,"minecraft:bone":127,"minecraft:apple":7,"minecraft:bow":7,"minecraft:stonecutter":4,"minecraft:wheat_seeds":108,"minecraft:bell":2,"minecraft:stone_pickaxe":6,"minecraft:iron_ingot":74,"minecraft:stone_hoe":2,"minecraft:oak_planks":430,"minecraft:cooked_porkchop":1,"minecraft:dandelion":9,"minecraft:gravel":249,"minecraft:lava_bucket":1,"minecraft:sand":80,"minecraft:white_bed":8,"minecraft:mossy_cobblestone":6,"minecraft:dispenser":2,"minecraft:granite":1,"minecraft:golden_apple":1,"minecraft:bread":3,"minecraft:emerald":57,"minecraft:oak_button":2,"minecraft:baked_potato":3,"minecraft:oak_sapling":135,"minecraft:coal":106,"minecraft:chiseled_tuff_bricks":1,"minecraft:ender_pearl":1},"minecraft:killed_by":{"minecraft:iron_golem":4,"minecraft:skeleton":1,"minecraft:zombie":4},"minecraft:used":{"minecraft:beetroot":1,"minecraft:stone_sword":139,"minecraft:iron_shovel":335,"minecraft:stone_shovel":250,"minecraft:ladder":7,"minecraft:chest":1,"minecraft:stone":64,"minecraft:bell":2,"minecraft:stone_hoe":110,"minecraft:torch":21,"minecraft:dirt":594,"minecraft:carrot":395,"minecraft:granite":1,"minecraft:wooden_axe":81,"minecraft:lava_bucket":24,"minecraft:iron_axe":574,"minecraft:iron_boots":1,"minecraft:oak_sapling":43,"minecraft:furnace":3,"minecraft:cooked_beef":4,"minecraft:potato":29,"minecraft:brown_bed":3,"minecraft:wheat_seeds":14,"minecraft:cooked_mutton":1,"minecraft:water_bucket":130,"minecraft:baked_potato":5,"minecraft:stone_pickaxe":232,"minecraft:oak_planks":192,"minecraft:stonecutter":1,"minecraft:wooden_pickaxe":35,"minecraft:composter":1,"minecraft:sugar_cane":252,"minecraft:fletching_table":1,"minecraft:crafting_table":9,"minecraft:white_bed":16,"minecraft:oak_log":15,"minecraft:wooden_hoe":32,"minecraft:apple":6,"minecraft:bread":3,"minecraft:iron_pickaxe":2,"minecraft:lectern":2,"minecraft:stone_slab":48,"minecraft:deepslate":1,"minecraft:gravel":221,"minecraft:stone_axe":119,"minecraft:cobbled_deepslate_slab":16,"minecraft:cooked_porkchop":5,"minecraft:smithing_table":1,"minecraft:bucket":154,"minecraft:yellow_bed":6,"minecraft:bone_meal":12}},"DataVersion":3953}