{"stats":{"minecraft:crafted":{"minecraft:oak_planks":1180,"minecraft:stone_shovel":12,"minecraft:furnace":2,"minecraft:stone":64,"minecraft:bone_meal":12,"minecraft:bow":1,"minecraft:iron_boots":1,"minecraft:iron_axe":3,"minecraft:ladder":6,"minecraft:stone_pickaxe":4,"minecraft:chest":1,"minecraft:stone_hoe":2,"minecraft:cooked_beef":9,"minecraft:emerald":69,"minecraft:cooked_porkchop":5,"minecraft:crafting_table":8,"minecraft:baked_potato":4,"minecraft:wooden_pickaxe":3,"minecraft:smithing_table":1,"minecraft:brown_bed":3,"minecraft:fletching_table":1,"minecraft:birch_planks":92,"minecraft:bucket":1,"minecraft:stone_axe":1,"minecraft:bread":5,"minecraft:air":0,"minecraft:wooden_hoe":1,"minecraft:iron_chestplate":1,"minecraft:stick":2020,"minecraft:iron_ingot":2,"minecraft:wooden_axe":3,"minecraft:stone_sword":2,"minecraft:white_bed":8,"minecraft:torch":20,"minecraft:shears":1},"minecraft:broken":{"minecraft:stone_sword":1,"minecraft:stone_pickaxe":1,"minecraft:iron_axe":2,"minecraft:stone_axe":1,"minecraft:wooden_axe":1,"minecraft:stone_shovel":1},"minecraft:mined":{"minecraft:white_bed":8,"minecraft:oak_sapling":2,"minecraft:mossy_cobblestone":5,"minecraft:cobblestone_stairs":3,"minecraft:ladder":2,"minecraft:grass_block":164,"minecraft:composter":1,"minecraft:furnace":1,"minecraft:carrots":155,"minecraft:iron_ore":4,"minecraft:potatoes":33,"minecraft:dirt_path":115,"minecraft:oak_stairs":8,"minecraft:stone":82,"minecraft:glass_pane":3,"minecraft:dandelion":2,"minecraft:powder_snow":4,"minecraft:oak_fence":1,"minecraft:crafting_table":1,"minecraft:short_grass":36,"minecraft:tall_grass":3,"minecraft:cobblestone":35,"minecraft:sugar_cane":158,"minecraft:oak_planks":20,"minecraft:diorite":26,"minecraft:wall_torch":1,"minecraft:birch_log":34,"minecraft:wheat":21,"minecraft:birch_leaves":9,"minecraft:yellow_bed":6,"minecraft:oak_log":362,"minecraft:coal_ore":44,"minecraft:beetroots":33,"minecraft:gravel":14,"minecraft:dirt":47,"minecraft:stonecutter":2,"minecraft:oak_leaves":221},"minecraft:dropped":{"minecraft:stone_hoe":2,"minecraft:bread":2,"minecraft:wheat_seeds":56,"minecraft:cooked_beef":2,"minecraft:oak_log":23,"minecraft:mossy_cobblestone":5,"minecraft:stick":31,"minecraft:cobblestone_stairs":3,"minecraft:oxeye_daisy":1,"minecraft:dirt":13,"minecraft:diorite":24,"minecraft:wooden_hoe":1,"minecraft:torch":7,"minecraft:cornflower":2,"minecraft:oak_stairs":8,"minecraft:stonecutter":1,"minecraft:dandelion":2,"minecraft:oak_door":1,"minecraft:gravel":7,"minecraft:cobbled_deepslate":6,"minecraft:stone_shovel":14,"minecraft:rotten_flesh":2,"minecraft:oak_planks":35,"minecraft:carrot":103,"minecraft:poppy":13,"minecraft:potato":18,"minecraft:ladder":1,"minecraft:arrow":3,"minecraft:bow":1,"minecraft:wooden_pickaxe":2,"minecraft:stone_pickaxe":1},"minecraft:custom":{"minecraft:mob_kills":34,"minecraft:animals_bred":1,"minecraft:interact_with_crafting_table":49,"minecraft:bell_ring":21,"minecraft:leave_game":1,"minecraft:time_since_death":86646,"minecraft:climb_one_cm":50918,"minecraft:sprint_one_cm":1014318,"minecraft:walk_one_cm":1022751,"minecraft:drop":225,"minecraft:talked_to_villager":61,"minecraft:play_time":234676,"minecraft:sneak_time":4874,"minecraft:deaths":9,"minecraft:walk_under_water_one_cm":6193,"minecraft:jump":3128,"minecraft:walk_on_water_one_cm":12362,"minecraft:total_world_time":234676,"minecraft:interact_with_furnace":22,"minecraft:traded_with_villager":85,"minecraft:interact_with_stonecutter":1,"minecraft:sleep_in_bed":10,"minecraft:time_since_rest":43992,"minecraft:damage_taken":3514,"minecraft:damage_dealt":18224,"minecraft:swim_one_cm":5542,"minecraft:fly_one_cm":333631,"minecraft:open_chest":10,"minecraft:crouch_one_cm":7675,"minecraft:fall_one_cm":75046},"minecraft:killed":{"minecraft:skeleton":3,"minecraft:pig":2,"minecraft:iron_golem":15,"minecraft:creeper":2,"minecraft:sheep":1,"minecraft:zombie":6,"minecraft:cow":4},"minecraft:picked_up":{"minecraft:wooden_axe":2,"minecraft:crafting_table":16,"minecraft:wheat":35,"minecraft:ladder":7,"minecraft:wooden_pickaxe":11,"minecraft:oak_stairs":10,"minecraft:cornflower":2,"minecraft:iron_axe":6,"minecraft:beetroot":32,"minecraft:cobbled_deepslate":12,"minecraft:bucket":5,"minecraft:beef":11,"minecraft:poppy":24,"minecraft:sugar_cane":183,"minecraft:birch_sapling":27,"minecraft:furnace":8,"minecraft:iron_boots":5,"minecraft:stick":745,"minecraft:raw_iron":68,"minecraft:oak_door":1,"minecraft:composter":1,"minecraft:oak_fence":1,"minecraft:torch":33,"minecraft:porkchop":5,"minecraft:cookie":1,"minecraft:diorite":144,"minecraft:carrot":490,"minecraft:stone_sword":3,"minecraft:arrow":5,"minecraft:stone_shovel":4,"minecraft:rotten_flesh":17,"minecraft:beetroot_seeds":90,"minecraft:shears":7,"minecraft:mutton":4,"minecraft:white_wool":25,"minecraft:cobblestone":463,"minecraft:oxeye_daisy":3,"minecraft:birch_log":93,"minecraft:cooked_beef":4,"minecraft:brown_wool":27,"minecraft:leather":2,"minecraft:potato":98,"minecraft:flint":2,"minecraft:oak_log":384,"minecraft:cobblestone_stairs":3,"minecraft:yellow_bed":6,"minecraft:gunpowder":2,"minecraft:wooden_hoe":3,"minecraft:dirt":376,"minecraft:cooked_mutton":2,"minecraft:bone":25,"minecraft:apple":7,"minecraft:bow":6,"minecraft:stonecutter":4,"minecraft:wheat_seeds":102,"minecraft:bell":2,"minecraft:stone_pickaxe":6,"minecraft:iron_ingot":69,"minecraft:stone_hoe":2,"minecraft:oak_planks":430,"minecraft:cooked_porkchop":1,"minecraft:lava_bucket":1,"minecraft:dandelion":5,"minecraft:gravel":249,"minecraft:white_bed":8,"minecraft:mossy_cobblestone":6,"minecraft:golden_apple":1,"minecraft:emerald":57,"minecraft:bread":3,"minecraft:baked_potato":3,"minecraft:oak_sapling":133,"minecraft:coal":106},"minecraft:killed_by":{"minecraft:iron_golem":4,"minecraft:skeleton":1,"minecraft:zombie":4},"minecraft:used":{"minecraft:beetroot":1,"minecraft:stone_sword":139,"minecraft:stone_shovel":250,"minecraft:ladder":7,"minecraft:chest":1,"minecraft:stone":18,"minecraft:bell":2,"minecraft:stone_hoe":110,"minecraft:torch":16,"minecraft:dirt":324,"minecraft:carrot":325,"minecraft:wooden_axe":81,"minecraft:iron_axe":574,"minecraft:iron_boots":1,"minecraft:oak_sapling":43,"minecraft:furnace":3,"minecraft:cooked_beef":4,"minecraft:potato":29,"minecraft:brown_bed":3,"minecraft:wheat_seeds":14,"minecraft:cooked_mutton":1,"minecraft:water_bucket":70,"minecraft:baked_potato":5,"minecraft:stone_pickaxe":232,"minecraft:oak_planks":190,"minecraft:stonecutter":1,"minecraft:wooden_pickaxe":35,"minecraft:composter":1,"minecraft:sugar_cane":183,"minecraft:fletching_table":1,"minecraft:crafting_table":8,"minecraft:white_bed":16,"minecraft:oak_log":15,"minecraft:wooden_hoe":32,"minecraft:apple":6,"minecraft:bread":3,"minecraft:gravel":221,"minecraft:stone_axe":119,"minecraft:cooked_porkchop":5,"minecraft:smithing_table":1,"minecraft:bucket":70,"minecraft:yellow_bed":6,"minecraft:bone_meal":12}},"DataVersion":3953}