{"stats":{"minecraft:broken":{"minecraft:iron_axe":2,"minecraft:wooden_axe":1},"minecraft:mined":{"minecraft:white_bed":8,"minecraft:oak_sapling":2,"minecraft:mossy_cobblestone":5,"minecraft:cobblestone_stairs":3,"minecraft:ladder":2,"minecraft:grass_block":122,"minecraft:composter":1,"minecraft:carrots":60,"minecraft:furnace":1,"minecraft:iron_ore":4,"minecraft:potatoes":26,"minecraft:dirt_path":62,"minecraft:oak_stairs":3,"minecraft:stone":82,"minecraft:glass_pane":3,"minecraft:powder_snow":4,"minecraft:crafting_table":1,"minecraft:oak_fence":1,"minecraft:short_grass":31,"minecraft:tall_grass":3,"minecraft:cobblestone":35,"minecraft:sugar_cane":16,"minecraft:oak_planks":11,"minecraft:diorite":26,"minecraft:wall_torch":1,"minecraft:birch_log":34,"minecraft:wheat":21,"minecraft:birch_leaves":9,"minecraft:yellow_bed":6,"minecraft:coal_ore":44,"minecraft:oak_log":323,"minecraft:gravel":14,"minecraft:dirt":35,"minecraft:stonecutter":2,"minecraft:oak_leaves":219},"minecraft:killed_by":{"minecraft:iron_golem":4,"minecraft:skeleton":1,"minecraft:zombie":4},"minecraft:custom":{"minecraft:mob_kills":27,"minecraft:animals_bred":1,"minecraft:interact_with_crafting_table":43,"minecraft:bell_ring":21,"minecraft:leave_game":1,"minecraft:time_since_death":34496,"minecraft:climb_one_cm":41159,"minecraft:sprint_one_cm":706374,"minecraft:walk_one_cm":818305,"minecraft:drop":126,"minecraft:talked_to_villager":52,"minecraft:play_time":182526,"minecraft:deaths":9,"minecraft:sneak_time":4324,"minecraft:walk_under_water_one_cm":6193,"minecraft:jump":2368,"minecraft:walk_on_water_one_cm":8863,"minecraft:total_world_time":182526,"minecraft:interact_with_furnace":13,"minecraft:traded_with_villager":77,"minecraft:interact_with_stonecutter":1,"minecraft:sleep_in_bed":9,"minecraft:time_since_rest":13981,"minecraft:damage_taken":3248,"minecraft:damage_dealt":12583,"minecraft:swim_one_cm":5542,"minecraft:fly_one_cm":211998,"minecraft:open_chest":1,"minecraft:crouch_one_cm":6689,"minecraft:fall_one_cm":58196},"minecraft:used":{"minecraft:stone_sword":89,"minecraft:stone_shovel":152,"minecraft:ladder":7,"minecraft:bell":2,"minecraft:stone_hoe":110,"minecraft:torch":16,"minecraft:dirt":212,"minecraft:carrot":171,"minecraft:wooden_axe":81,"minecraft:iron_axe":574,"minecraft:iron_boots":1,"minecraft:furnace":2,"minecraft:oak_sapling":43,"minecraft:cooked_beef":4,"minecraft:potato":29,"minecraft:brown_bed":2,"minecraft:wheat_seeds":12,"minecraft:cooked_mutton":1,"minecraft:water_bucket":17,"minecraft:stone_pickaxe":191,"minecraft:baked_potato":5,"minecraft:oak_planks":190,"minecraft:wooden_pickaxe":35,"minecraft:composter":1,"minecraft:fletching_table":1,"minecraft:stonecutter":1,"minecraft:sugar_cane":22,"minecraft:crafting_table":8,"minecraft:white_bed":16,"minecraft:oak_log":15,"minecraft:wooden_hoe":32,"minecraft:apple":6,"minecraft:bread":3,"minecraft:gravel":221,"minecraft:stone_axe":11,"minecraft:cooked_porkchop":5,"minecraft:smithing_table":1,"minecraft:bucket":17,"minecraft:yellow_bed":6,"minecraft:bone_meal":12},"minecraft:crafted":{"minecraft:oak_planks":1084,"minecraft:stone_shovel":12,"minecraft:furnace":1,"minecraft:bone_meal":12,"minecraft:bow":1,"minecraft:iron_boots":1,"minecraft:iron_axe":3,"minecraft:ladder":6,"minecraft:stone_pickaxe":4,"minecraft:stone_hoe":2,"minecraft:cooked_beef":7,"minecraft:emerald":61,"minecraft:cooked_porkchop":5,"minecraft:crafting_table":8,"minecraft:baked_potato":4,"minecraft:wooden_pickaxe":3,"minecraft:smithing_table":1,"minecraft:brown_bed":2,"minecraft:fletching_table":1,"minecraft:bucket":1,"minecraft:birch_planks":92,"minecraft:stone_axe":1,"minecraft:bread":5,"minecraft:air":0,"minecraft:iron_chestplate":1,"minecraft:wooden_hoe":1,"minecraft:stick":1892,"minecraft:iron_ingot":2,"minecraft:wooden_axe":3,"minecraft:stone_sword":2,"minecraft:white_bed":8,"minecraft:torch":20,"minecraft:shears":1},"minecraft:dropped":{"minecraft:stone_hoe":1,"minecraft:bread":2,"minecraft:wheat_seeds":51,"minecraft:cooked_beef":2,"minecraft:cobblestone_stairs":3,"minecraft:oxeye_daisy":1,"minecraft:dirt":1,"minecraft:diorite":24,"minecraft:wooden_hoe":1,"minecraft:torch":7,"minecraft:cornflower":2,"minecraft:oak_stairs":2,"minecraft:stonecutter":1,"minecraft:dandelion":1,"minecraft:gravel":7,"minecraft:cobbled_deepslate":6,"minecraft:stone_shovel":13,"minecraft:rotten_flesh":2,"minecraft:oak_planks":2,"minecraft:carrot":19,"minecraft:poppy":11,"minecraft:potato":18,"minecraft:ladder":1,"minecraft:arrow":3,"minecraft:bow":1,"minecraft:stone_pickaxe":1,"minecraft:wooden_pickaxe":2},"minecraft:picked_up":{"minecraft:wooden_axe":2,"minecraft:crafting_table":16,"minecraft:wheat":35,"minecraft:ladder":7,"minecraft:wooden_pickaxe":11,"minecraft:oak_stairs":5,"minecraft:cornflower":2,"minecraft:iron_axe":6,"minecraft:cobbled_deepslate":12,"minecraft:bucket":5,"minecraft:beef":11,"minecraft:poppy":21,"minecraft:sugar_cane":22,"minecraft:birch_sapling":27,"minecraft:iron_boots":5,"minecraft:furnace":8,"minecraft:stick":745,"minecraft:raw_iron":4,"minecraft:oak_door":1,"minecraft:composter":1,"minecraft:oak_fence":1,"minecraft:torch":33,"minecraft:porkchop":5,"minecraft:diorite":144,"minecraft:carrot":191,"minecraft:stone_shovel":4,"minecraft:stone_sword":3,"minecraft:arrow":4,"minecraft:rotten_flesh":17,"minecraft:shears":7,"minecraft:mutton":4,"minecraft:white_wool":24,"minecraft:cobblestone":452,"minecraft:oxeye_daisy":3,"minecraft:birch_log":93,"minecraft:cooked_beef":4,"minecraft:leather":2,"minecraft:brown_wool":24,"minecraft:potato":75,"minecraft:flint":2,"minecraft:oak_log":348,"minecraft:cobblestone_stairs":3,"minecraft:yellow_bed":6,"minecraft:wooden_hoe":3,"minecraft:dirt":248,"minecraft:cooked_mutton":2,"minecraft:bone":24,"minecraft:apple":7,"minecraft:stonecutter":4,"minecraft:bow":6,"minecraft:wheat_seeds":102,"minecraft:bell":2,"minecraft:iron_ingot":49,"minecraft:stone_pickaxe":6,"minecraft:stone_hoe":2,"minecraft:oak_planks":421,"minecraft:cooked_porkchop":1,"minecraft:dandelion":3,"minecraft:gravel":249,"minecraft:white_bed":8,"minecraft:mossy_cobblestone":5,"minecraft:bread":3,"minecraft:emerald":57,"minecraft:baked_potato":3,"minecraft:oak_sapling":130,"minecraft:coal":74},"minecraft:killed":{"minecraft:skeleton":3,"minecraft:pig":2,"minecraft:iron_golem":11,"minecraft:sheep":1,"minecraft:zombie":6,"minecraft:cow":4}},"DataVersion":3953}