{"stats":{"minecraft:mined":{"minecraft:short_grass":1},"minecraft:custom":{"minecraft:time_since_rest":7892,"minecraft:crouch_one_cm":232,"minecraft:play_time":17995,"minecraft:sprint_one_cm":27973,"minecraft:damage_taken":363,"minecraft:deaths":1,"minecraft:walk_one_cm":88406,"minecraft:bell_ring":1,"minecraft:sneak_time":40,"minecraft:walk_under_water_one_cm":3451,"minecraft:mob_kills":5,"minecraft:jump":225,"minecraft:interact_with_stonecutter":1,"minecraft:damage_dealt":206,"minecraft:leave_game":1,"minecraft:time_since_death":7865,"minecraft:walk_on_water_one_cm":3219,"minecraft:climb_one_cm":1007,"minecraft:total_world_time":17995,"minecraft:swim_one_cm":5123,"minecraft:interact_with_crafting_table":1,"minecraft:fall_one_cm":6522,"minecraft:fly_one_cm":17647,"minecraft:inspect_dispenser":1},"minecraft:killed":{"minecraft:slime":3},"minecraft:picked_up":{"minecraft:iron_chestplate":1,"minecraft:iron_leggings":1,"minecraft:stick":1,"minecraft:slime_ball":1,"minecraft:wheat_seeds":1,"minecraft:potion":1,"minecraft:cooked_chicken":2,"minecraft:oak_log":1,"minecraft:bread":11,"minecraft:tuff_bricks":1,"minecraft:carrot":6,"minecraft:gunpowder":2,"minecraft:oak_sapling":1,"minecraft:music_disc_chirp":1},"minecraft:killed_by":{"minecraft:skeleton":1},"minecraft:used":{"minecraft:iron_chestplate":1,"minecraft:water_bucket":1,"minecraft:bucket":1,"minecraft:carrot":3,"minecraft:iron_leggings":1}},"DataVersion":3953}