{"stats":{"minecraft:mined":{"minecraft:short_grass":1},"minecraft:killed_by":{"minecraft:skeleton":1},"minecraft:used":{"minecraft:iron_chestplate":1,"minecraft:iron_leggings":1},"minecraft:custom":{"minecraft:time_since_rest":1817,"minecraft:crouch_one_cm":198,"minecraft:play_time":11920,"minecraft:sprint_one_cm":13885,"minecraft:deaths":1,"minecraft:damage_taken":288,"minecraft:walk_one_cm":45914,"minecraft:sneak_time":34,"minecraft:bell_ring":1,"minecraft:walk_under_water_one_cm":2959,"minecraft:jump":175,"minecraft:interact_with_stonecutter":1,"minecraft:damage_dealt":132,"minecraft:leave_game":1,"minecraft:time_since_death":1790,"minecraft:walk_on_water_one_cm":2971,"minecraft:total_world_time":11920,"minecraft:climb_one_cm":1007,"minecraft:fly_one_cm":10416,"minecraft:swim_one_cm":5123,"minecraft:interact_with_crafting_table":1,"minecraft:fall_one_cm":4329},"minecraft:picked_up":{"minecraft:stick":1,"minecraft:iron_leggings":1,"minecraft:iron_chestplate":1,"minecraft:wheat_seeds":1,"minecraft:oak_log":1,"minecraft:bread":11,"minecraft:gunpowder":2,"minecraft:oak_sapling":1,"minecraft:music_disc_chirp":1}},"DataVersion":3953}