{"stats":{"minecraft:used":{"minecraft:wooden_sword":8,"minecraft:dirt":3,"minecraft:crafting_table":1,"minecraft:bread":2},"minecraft:mined":{"minecraft:grass_block":3,"minecraft:oak_log":5,"minecraft:dirt_path":1,"minecraft:oak_leaves":3},"minecraft:crafted":{"minecraft:wooden_sword":1,"minecraft:oak_planks":20,"minecraft:crafting_table":1,"minecraft:stick":4,"minecraft:wooden_axe":1},"minecraft:picked_up":{"minecraft:rotten_flesh":4,"minecraft:oak_log":5,"minecraft:dirt":3,"minecraft:string":1},"minecraft:custom":{"minecraft:time_since_rest":488,"minecraft:open_chest":1,"minecraft:deaths":1,"minecraft:play_time":16494,"minecraft:crouch_one_cm":163,"minecraft:sprint_one_cm":35724,"minecraft:damage_taken":235,"minecraft:walk_one_cm":36492,"minecraft:sneak_time":54,"minecraft:walk_under_water_one_cm":5788,"minecraft:mob_kills":2,"minecraft:jump":256,"minecraft:damage_dealt":266,"minecraft:leave_game":2,"minecraft:time_since_death":445,"minecraft:walk_on_water_one_cm":704,"minecraft:sleep_in_bed":1,"minecraft:total_world_time":16494,"minecraft:climb_one_cm":1152,"minecraft:interact_with_crafting_table":3,"minecraft:fall_one_cm":8232,"minecraft:fly_one_cm":27466},"minecraft:killed":{"minecraft:zombie":1}},"DataVersion":3953}