{"stats":{"minecraft:crafted":{"minecraft:cooked_beef":5,"minecraft:wooden_sword":1,"minecraft:oak_planks":200,"minecraft:wooden_shovel":1,"minecraft:diamond_sword":1,"minecraft:crafting_table":3,"minecraft:wooden_pickaxe":1,"minecraft:baked_potato":5,"minecraft:stone_axe":1,"minecraft:cooked_mutton":5,"minecraft:air":0,"minecraft:diamond_pickaxe":1,"minecraft:stick":16,"minecraft:iron_pickaxe":1,"minecraft:wooden_axe":2,"minecraft:iron_shovel":1},"minecraft:broken":{"minecraft:wooden_axe":1},"minecraft:mined":{"minecraft:mossy_cobblestone":20,"minecraft:deepslate_diamond_ore":6,"minecraft:cornflower":22,"minecraft:short_grass":36,"minecraft:grass_block":4,"minecraft:chest":2,"minecraft:cobblestone":88,"minecraft:tall_grass":6,"minecraft:oak_planks":1,"minecraft:oxeye_daisy":3,"minecraft:wall_torch":1,"minecraft:wheat":1,"minecraft:cobbled_deepslate":15,"minecraft:andesite":8,"minecraft:oak_log":117,"minecraft:coal_ore":4,"minecraft:dirt_path":1,"minecraft:dirt":4,"minecraft:stone":7,"minecraft:oak_leaves":23,"minecraft:deepslate":204},"minecraft:dropped":{"minecraft:bread":11,"minecraft:oak_log":64,"minecraft:baked_potato":2,"minecraft:cookie":2,"minecraft:cooked_mutton":2,"minecraft:dirt":2},"minecraft:custom":{"minecraft:interact_with_furnace":17,"minecraft:mob_kills":12,"minecraft:interact_with_crafting_table":12,"minecraft:bell_ring":1,"minecraft:interact_with_stonecutter":1,"minecraft:leave_game":5,"minecraft:time_since_death":39994,"minecraft:sleep_in_bed":8,"minecraft:climb_one_cm":15166,"minecraft:time_since_rest":32774,"minecraft:sprint_one_cm":374044,"minecraft:damage_taken":2025,"minecraft:walk_one_cm":444601,"minecraft:drop":19,"minecraft:damage_dealt":2487,"minecraft:talked_to_villager":7,"minecraft:player_kills":2,"minecraft:fly_one_cm":320388,"minecraft:open_chest":34,"minecraft:crouch_one_cm":1430,"minecraft:play_time":158947,"minecraft:deaths":4,"minecraft:sneak_time":406,"minecraft:walk_under_water_one_cm":5788,"minecraft:jump":2097,"minecraft:walk_on_water_one_cm":4866,"minecraft:total_world_time":158947,"minecraft:fall_one_cm":64627},"minecraft:killed":{"minecraft:zombie_villager":1,"minecraft:iron_golem":2,"minecraft:sheep":2,"minecraft:zombie":3,"minecraft:cow":3},"minecraft:picked_up":{"minecraft:iron_chestplate":2,"minecraft:cooked_beef":5,"minecraft:andesite":19,"minecraft:leather":2,"minecraft:wooden_pickaxe":1,"minecraft:potato":13,"minecraft:tuff":6,"minecraft:oak_log":144,"minecraft:gunpowder":3,"minecraft:dirt":8,"minecraft:cornflower":21,"minecraft:string":6,"minecraft:iron_leggings":3,"minecraft:wheat_seeds":8,"minecraft:cobbled_deepslate":228,"minecraft:iron_ingot":4,"minecraft:beef":7,"minecraft:poppy":2,"minecraft:chest":2,"minecraft:oak_planks":34,"minecraft:music_disc_chirp":1,"minecraft:stick":41,"minecraft:torch":4,"minecraft:dandelion":1,"minecraft:cookie":1,"minecraft:carrot":1,"minecraft:mossy_cobblestone":20,"minecraft:rotten_flesh":12,"minecraft:diamond":9,"minecraft:bread":106,"minecraft:oak_button":2,"minecraft:oak_sapling":9,"minecraft:mutton":4,"minecraft:coal":4,"minecraft:white_wool":2,"minecraft:cobblestone":96,"minecraft:oxeye_daisy":3},"minecraft:killed_by":{"minecraft:skeleton":1},"minecraft:used":{"minecraft:cooked_mutton":3,"minecraft:water_bucket":4,"minecraft:iron_shovel":1,"minecraft:oak_planks":1,"minecraft:baked_potato":3,"minecraft:poppy":2,"minecraft:wooden_pickaxe":11,"minecraft:wooden_shovel":2,"minecraft:cookie":10,"minecraft:white_wool":1,"minecraft:torch":2,"minecraft:dirt":4,"minecraft:crafting_table":2,"minecraft:wooden_axe":51,"minecraft:diamond_pickaxe":283,"minecraft:bread":18,"minecraft:iron_pickaxe":62,"minecraft:stone_axe":84,"minecraft:wooden_sword":8,"minecraft:diamond_sword":8,"minecraft:cobblestone":70,"minecraft:cooked_beef":5,"minecraft:potato":6,"minecraft:cobbled_deepslate":95}},"DataVersion":3953}