{"stats":{"minecraft:broken":{"minecraft:wooden_axe":1},"minecraft:mined":{"minecraft:cornflower":22,"minecraft:short_grass":36,"minecraft:grass_block":4,"minecraft:tall_grass":6,"minecraft:oak_planks":1,"minecraft:oxeye_daisy":3,"minecraft:wheat":1,"minecraft:oak_log":115,"minecraft:coal_ore":4,"minecraft:dirt_path":1,"minecraft:dirt":2,"minecraft:stone":7,"minecraft:oak_leaves":20},"minecraft:killed_by":{"minecraft:skeleton":1},"minecraft:custom":{"minecraft:interact_with_furnace":14,"minecraft:mob_kills":8,"minecraft:interact_with_crafting_table":9,"minecraft:bell_ring":1,"minecraft:interact_with_stonecutter":1,"minecraft:leave_game":5,"minecraft:time_since_death":4305,"minecraft:sleep_in_bed":7,"minecraft:climb_one_cm":9454,"minecraft:time_since_rest":4335,"minecraft:sprint_one_cm":283216,"minecraft:damage_taken":1725,"minecraft:walk_one_cm":299222,"minecraft:drop":17,"minecraft:damage_dealt":1501,"minecraft:talked_to_villager":4,"minecraft:fly_one_cm":260407,"minecraft:player_kills":2,"minecraft:open_chest":20,"minecraft:crouch_one_cm":1250,"minecraft:play_time":123258,"minecraft:deaths":4,"minecraft:sneak_time":379,"minecraft:walk_under_water_one_cm":5788,"minecraft:jump":1713,"minecraft:walk_on_water_one_cm":743,"minecraft:total_world_time":123258,"minecraft:fall_one_cm":52519},"minecraft:used":{"minecraft:cooked_mutton":3,"minecraft:baked_potato":3,"minecraft:oak_planks":1,"minecraft:wooden_pickaxe":11,"minecraft:wooden_shovel":2,"minecraft:white_wool":1,"minecraft:dirt":4,"minecraft:crafting_table":1,"minecraft:wooden_axe":51,"minecraft:bread":12,"minecraft:stone_axe":84,"minecraft:wooden_sword":8,"minecraft:cobblestone":1,"minecraft:cooked_beef":5,"minecraft:potato":6},"minecraft:dropped":{"minecraft:bread":11,"minecraft:oak_log":64,"minecraft:baked_potato":2,"minecraft:cooked_mutton":2,"minecraft:dirt":2},"minecraft:crafted":{"minecraft:cooked_beef":5,"minecraft:wooden_sword":1,"minecraft:oak_planks":192,"minecraft:wooden_shovel":1,"minecraft:crafting_table":2,"minecraft:wooden_pickaxe":1,"minecraft:baked_potato":5,"minecraft:stone_axe":1,"minecraft:cooked_mutton":5,"minecraft:air":0,"minecraft:stick":8,"minecraft:wooden_axe":2},"minecraft:picked_up":{"minecraft:iron_chestplate":2,"minecraft:cooked_beef":5,"minecraft:leather":2,"minecraft:wooden_pickaxe":1,"minecraft:potato":13,"minecraft:oak_log":115,"minecraft:gunpowder":2,"minecraft:string":1,"minecraft:cornflower":21,"minecraft:dirt":6,"minecraft:iron_leggings":3,"minecraft:wheat_seeds":8,"minecraft:beef":7,"minecraft:oak_planks":1,"minecraft:music_disc_chirp":1,"minecraft:stick":10,"minecraft:dandelion":1,"minecraft:carrot":1,"minecraft:rotten_flesh":12,"minecraft:bread":106,"minecraft:oak_sapling":9,"minecraft:mutton":4,"minecraft:coal":4,"minecraft:white_wool":2,"minecraft:cobblestone":8,"minecraft:oxeye_daisy":3},"minecraft:killed":{"minecraft:zombie_villager":1,"minecraft:sheep":2,"minecraft:zombie":1,"minecraft:cow":3}},"DataVersion":3953}