{"stats":{"minecraft:crafted":{"minecraft:wooden_sword":1,"minecraft:oak_planks":20,"minecraft:crafting_table":1,"minecraft:stick":4,"minecraft:wooden_axe":1},"minecraft:mined":{"minecraft:grass_block":3,"minecraft:oak_log":5,"minecraft:dirt_path":1,"minecraft:oak_leaves":3},"minecraft:picked_up":{"minecraft:rotten_flesh":2,"minecraft:oak_log":5,"minecraft:string":1,"minecraft:dirt":3},"minecraft:custom":{"minecraft:open_chest":1,"minecraft:time_since_rest":3347,"minecraft:crouch_one_cm":79,"minecraft:play_time":15026,"minecraft:sprint_one_cm":34195,"minecraft:damage_taken":80,"minecraft:walk_one_cm":29481,"minecraft:sneak_time":49,"minecraft:walk_under_water_one_cm":5788,"minecraft:mob_kills":1,"minecraft:jump":231,"minecraft:damage_dealt":68,"minecraft:leave_game":1,"minecraft:time_since_death":15026,"minecraft:walk_on_water_one_cm":704,"minecraft:sleep_in_bed":1,"minecraft:climb_one_cm":732,"minecraft:total_world_time":15026,"minecraft:interact_with_crafting_table":3,"minecraft:fall_one_cm":7123,"minecraft:fly_one_cm":26098},"minecraft:used":{"minecraft:dirt":3,"minecraft:wooden_sword":2,"minecraft:crafting_table":1}},"DataVersion":3953}