{"stats":{"minecraft:crafted":{"minecraft:cooked_beef":5,"minecraft:wooden_sword":1,"minecraft:oak_slab":12,"minecraft:oak_planks":220,"minecraft:deepslate":1,"minecraft:wooden_shovel":1,"minecraft:diamond_sword":1,"minecraft:crafting_table":4,"minecraft:wooden_pickaxe":1,"minecraft:baked_potato":5,"minecraft:furnace":1,"minecraft:stone_axe":1,"minecraft:cooked_mutton":5,"minecraft:air":0,"minecraft:oak_trapdoor":2,"minecraft:diamond_pickaxe":1,"minecraft:ladder":24,"minecraft:stick":72,"minecraft:iron_pickaxe":1,"minecraft:wooden_axe":2,"minecraft:chest":1,"minecraft:iron_shovel":1},"minecraft:broken":{"minecraft:wooden_axe":1},"minecraft:mined":{"minecraft:oak_slab":1,"minecraft:mossy_cobblestone":20,"minecraft:deepslate_diamond_ore":6,"minecraft:cornflower":22,"minecraft:torch":2,"minecraft:short_grass":36,"minecraft:grass_block":4,"minecraft:chest":2,"minecraft:tall_grass":6,"minecraft:cobblestone":88,"minecraft:oak_planks":1,"minecraft:oxeye_daisy":3,"minecraft:wall_torch":5,"minecraft:wheat":1,"minecraft:cobbled_deepslate":44,"minecraft:andesite":8,"minecraft:oak_log":117,"minecraft:coal_ore":4,"minecraft:deepslate_iron_ore":2,"minecraft:dirt_path":1,"minecraft:gravel":8,"minecraft:dirt":4,"minecraft:stone":7,"minecraft:oak_leaves":23,"minecraft:deepslate":284},"minecraft:dropped":{"minecraft:bread":11,"minecraft:oak_log":64,"minecraft:baked_potato":2,"minecraft:cookie":2,"minecraft:cooked_mutton":2,"minecraft:dirt":2,"minecraft:diamond_pickaxe":1},"minecraft:custom":{"minecraft:interact_with_furnace":18,"minecraft:mob_kills":47,"minecraft:interact_with_crafting_table":21,"minecraft:bell_ring":1,"minecraft:interact_with_stonecutter":1,"minecraft:leave_game":6,"minecraft:time_since_death":9834,"minecraft:sleep_in_bed":8,"minecraft:climb_one_cm":19905,"minecraft:time_since_rest":10071,"minecraft:sprint_one_cm":386869,"minecraft:damage_taken":2370,"minecraft:walk_one_cm":542172,"minecraft:drop":20,"minecraft:damage_dealt":6203,"minecraft:talked_to_villager":7,"minecraft:player_kills":2,"minecraft:fly_one_cm":330073,"minecraft:open_chest":39,"minecraft:crouch_one_cm":1493,"minecraft:play_time":182444,"minecraft:deaths":5,"minecraft:sneak_time":577,"minecraft:walk_under_water_one_cm":6579,"minecraft:jump":2212,"minecraft:walk_on_water_one_cm":9335,"minecraft:total_world_time":182444,"minecraft:fall_one_cm":65939},"minecraft:killed":{"minecraft:zombie_villager":1,"minecraft:iron_golem":2,"minecraft:skeleton":34,"minecraft:sheep":2,"minecraft:zombie":4,"minecraft:cow":3},"minecraft:picked_up":{"minecraft:crafting_table":1,"minecraft:iron_chestplate":3,"minecraft:cooked_beef":5,"minecraft:ladder":15,"minecraft:andesite":38,"minecraft:leather":2,"minecraft:diamond_sword":1,"minecraft:wooden_pickaxe":1,"minecraft:potato":13,"minecraft:flint":1,"minecraft:tuff":12,"minecraft:oak_log":167,"minecraft:gunpowder":3,"minecraft:oak_trapdoor":1,"minecraft:dirt":10,"minecraft:cornflower":21,"minecraft:string":11,"minecraft:iron_shovel":1,"minecraft:iron_leggings":4,"minecraft:bone":31,"minecraft:bow":1,"minecraft:wheat_seeds":8,"minecraft:cobbled_deepslate":449,"minecraft:bucket":4,"minecraft:iron_ingot":4,"minecraft:beef":7,"minecraft:poppy":2,"minecraft:iron_pickaxe":1,"minecraft:chest":4,"minecraft:oak_planks":34,"minecraft:iron_boots":1,"minecraft:music_disc_chirp":1,"minecraft:oak_slab":1,"minecraft:stick":41,"minecraft:raw_iron":2,"minecraft:torch":9,"minecraft:dandelion":1,"minecraft:gravel":7,"minecraft:cookie":50,"minecraft:carrot":1,"minecraft:mossy_cobblestone":39,"minecraft:arrow":28,"minecraft:rotten_flesh":14,"minecraft:diamond":9,"minecraft:chainmail_helmet":1,"minecraft:bread":140,"minecraft:oak_button":4,"minecraft:oak_sapling":9,"minecraft:mutton":4,"minecraft:coal":4,"minecraft:diamond_pickaxe":2,"minecraft:white_wool":2,"minecraft:cobblestone":107,"minecraft:oxeye_daisy":3},"minecraft:killed_by":{"minecraft:skeleton":2},"minecraft:used":{"minecraft:oak_trapdoor":1,"minecraft:cooked_mutton":3,"minecraft:water_bucket":4,"minecraft:iron_shovel":1,"minecraft:baked_potato":3,"minecraft:ladder":13,"minecraft:poppy":2,"minecraft:oak_planks":1,"minecraft:chest":3,"minecraft:wooden_pickaxe":11,"minecraft:wooden_shovel":2,"minecraft:cookie":10,"minecraft:white_wool":1,"minecraft:torch":5,"minecraft:mossy_cobblestone":1,"minecraft:dirt":4,"minecraft:oak_slab":11,"minecraft:crafting_table":3,"minecraft:wooden_axe":51,"minecraft:diamond_pickaxe":380,"minecraft:bread":20,"minecraft:iron_pickaxe":83,"minecraft:deepslate":1,"minecraft:stone_axe":84,"minecraft:wooden_sword":8,"minecraft:diamond_sword":124,"minecraft:cobblestone":70,"minecraft:furnace":1,"minecraft:cooked_beef":5,"minecraft:potato":6,"minecraft:cobbled_deepslate":239}},"DataVersion":3953}