{"stats":{"minecraft:crafted":{"minecraft:wooden_sword":1,"minecraft:oak_planks":304,"minecraft:furnace":1,"minecraft:cooked_mutton":5,"minecraft:oak_trapdoor":2,"minecraft:ladder":96,"minecraft:chest":1,"minecraft:cobbled_deepslate_stairs":8,"minecraft:cooked_beef":5,"minecraft:oak_slab":12,"minecraft:deepslate":1,"minecraft:wooden_shovel":1,"minecraft:diamond_sword":1,"minecraft:crafting_table":4,"minecraft:wooden_pickaxe":1,"minecraft:baked_potato":5,"minecraft:stone_axe":1,"minecraft:air":0,"minecraft:diamond_pickaxe":1,"minecraft:stick":240,"minecraft:iron_pickaxe":1,"minecraft:wooden_axe":2,"minecraft:iron_shovel":1,"minecraft:torch":8},"minecraft:broken":{"minecraft:wooden_axe":1},"minecraft:mined":{"minecraft:mossy_cobblestone":20,"minecraft:deepslate_diamond_ore":6,"minecraft:ladder":2,"minecraft:granite":5,"minecraft:grass_block":8,"minecraft:oxeye_daisy":3,"minecraft:cobbled_deepslate":52,"minecraft:andesite":13,"minecraft:deepslate_lapis_ore":1,"minecraft:deepslate_iron_ore":2,"minecraft:dirt_path":1,"minecraft:stone":106,"minecraft:oak_slab":2,"minecraft:cornflower":22,"minecraft:torch":2,"minecraft:short_grass":36,"minecraft:chest":2,"minecraft:cobblestone":88,"minecraft:tall_grass":6,"minecraft:copper_ore":6,"minecraft:oak_planks":1,"minecraft:wall_torch":6,"minecraft:wheat":1,"minecraft:oak_log":117,"minecraft:coal_ore":9,"minecraft:gravel":9,"minecraft:dirt":9,"minecraft:oak_leaves":23,"minecraft:deepslate":326},"minecraft:dropped":{"minecraft:bread":11,"minecraft:oak_log":64,"minecraft:baked_potato":2,"minecraft:cookie":2,"minecraft:cobblestone":128,"minecraft:dirt":2,"minecraft:fire_charge":1,"minecraft:bone":100,"minecraft:cobbled_deepslate":55,"minecraft:cooked_mutton":2,"minecraft:diamond_pickaxe":1,"minecraft:arrow":64},"minecraft:custom":{"minecraft:mob_kills":128,"minecraft:interact_with_crafting_table":27,"minecraft:bell_ring":1,"minecraft:leave_game":7,"minecraft:time_since_death":3886,"minecraft:climb_one_cm":60621,"minecraft:sprint_one_cm":456613,"minecraft:walk_one_cm":669699,"minecraft:drop":27,"minecraft:talked_to_villager":7,"minecraft:play_time":223522,"minecraft:deaths":6,"minecraft:sneak_time":1325,"minecraft:walk_under_water_one_cm":7293,"minecraft:jump":2599,"minecraft:walk_on_water_one_cm":11351,"minecraft:total_world_time":223522,"minecraft:interact_with_furnace":19,"minecraft:interact_with_stonecutter":1,"minecraft:sleep_in_bed":9,"minecraft:time_since_rest":3996,"minecraft:damage_taken":2965,"minecraft:damage_dealt":13487,"minecraft:fly_one_cm":376435,"minecraft:player_kills":2,"minecraft:open_chest":51,"minecraft:crouch_one_cm":4745,"minecraft:fall_one_cm":81452},"minecraft:killed":{"minecraft:slime":12,"minecraft:skeleton":100,"minecraft:husk":2,"minecraft:zombie_villager":1,"minecraft:iron_golem":2,"minecraft:sheep":2,"minecraft:zombie":4,"minecraft:cow":3},"minecraft:picked_up":{"minecraft:crafting_table":1,"minecraft:iron_chestplate":3,"minecraft:ominous_bottle":1,"minecraft:ladder":17,"minecraft:diamond_sword":1,"minecraft:wooden_pickaxe":1,"minecraft:shield":1,"minecraft:wind_charge":3,"minecraft:cornflower":21,"minecraft:oak_trapdoor":1,"minecraft:string":11,"minecraft:iron_axe":1,"minecraft:raw_copper":18,"minecraft:iron_leggings":4,"minecraft:iron_shovel":1,"minecraft:diamond_leggings":1,"minecraft:cobbled_deepslate":501,"minecraft:bucket":4,"minecraft:beef":7,"minecraft:trial_key":2,"minecraft:poppy":2,"minecraft:iron_pickaxe":1,"minecraft:chest":4,"minecraft:iron_boots":1,"minecraft:golden_helmet":1,"minecraft:stick":43,"minecraft:raw_iron":2,"minecraft:torch":11,"minecraft:bowl":1,"minecraft:fire_charge":1,"minecraft:waxed_copper_grate":2,"minecraft:cookie":50,"minecraft:carrot":1,"minecraft:honey_bottle":2,"minecraft:rotten_flesh":16,"minecraft:arrow":110,"minecraft:mutton":4,"minecraft:white_wool":2,"minecraft:cobblestone":270,"minecraft:oxeye_daisy":3,"minecraft:cooked_beef":5,"minecraft:andesite":43,"minecraft:leather":2,"minecraft:potato":13,"minecraft:flint":1,"minecraft:tuff":12,"minecraft:oak_log":167,"minecraft:gunpowder":3,"minecraft:lapis_lazuli":5,"minecraft:dirt":19,"minecraft:bone":104,"minecraft:bow":10,"minecraft:wheat_seeds":8,"minecraft:iron_ingot":4,"minecraft:oak_planks":34,"minecraft:music_disc_chirp":1,"minecraft:oak_slab":2,"minecraft:dandelion":1,"minecraft:gravel":8,"minecraft:mossy_cobblestone":39,"minecraft:slime_ball":11,"minecraft:diamond":10,"minecraft:granite":5,"minecraft:bread":140,"minecraft:chainmail_helmet":1,"minecraft:oak_button":4,"minecraft:oak_sapling":9,"minecraft:coal":9,"minecraft:diamond_pickaxe":2},"minecraft:killed_by":{"minecraft:bogged":1,"minecraft:skeleton":2},"minecraft:used":{"minecraft:oak_trapdoor":1,"minecraft:iron_shovel":1,"minecraft:poppy":2,"minecraft:ladder":98,"minecraft:chest":3,"minecraft:wooden_shovel":2,"minecraft:trial_key":2,"minecraft:torch":12,"minecraft:dirt":4,"minecraft:wooden_axe":51,"minecraft:iron_axe":4,"minecraft:furnace":1,"minecraft:cooked_beef":5,"minecraft:potato":6,"minecraft:cobbled_deepslate":309,"minecraft:cooked_mutton":3,"minecraft:water_bucket":4,"minecraft:oak_planks":1,"minecraft:baked_potato":3,"minecraft:wooden_pickaxe":11,"minecraft:cookie":10,"minecraft:white_wool":1,"minecraft:mossy_cobblestone":1,"minecraft:oak_slab":12,"minecraft:crafting_table":3,"minecraft:cobbled_deepslate_stairs":7,"minecraft:diamond_pickaxe":562,"minecraft:bread":28,"minecraft:iron_pickaxe":83,"minecraft:deepslate":1,"minecraft:gravel":1,"minecraft:stone_axe":84,"minecraft:diamond_sword":271,"minecraft:wooden_sword":8,"minecraft:cobblestone":70}},"DataVersion":3953}