{"stats":{"minecraft:broken":{"minecraft:wooden_axe":1},"minecraft:mined":{"minecraft:cornflower":22,"minecraft:short_grass":36,"minecraft:grass_block":4,"minecraft:tall_grass":6,"minecraft:oak_planks":1,"minecraft:oxeye_daisy":3,"minecraft:wheat":1,"minecraft:oak_log":117,"minecraft:coal_ore":4,"minecraft:dirt_path":1,"minecraft:dirt":2,"minecraft:stone":7,"minecraft:oak_leaves":23},"minecraft:killed_by":{"minecraft:skeleton":1},"minecraft:custom":{"minecraft:interact_with_furnace":17,"minecraft:mob_kills":10,"minecraft:interact_with_crafting_table":10,"minecraft:bell_ring":1,"minecraft:interact_with_stonecutter":1,"minecraft:leave_game":5,"minecraft:time_since_death":16305,"minecraft:sleep_in_bed":8,"minecraft:climb_one_cm":15166,"minecraft:time_since_rest":9085,"minecraft:sprint_one_cm":354525,"minecraft:damage_taken":1839,"minecraft:walk_one_cm":344548,"minecraft:drop":19,"minecraft:damage_dealt":1994,"minecraft:talked_to_villager":7,"minecraft:fly_one_cm":299033,"minecraft:player_kills":2,"minecraft:open_chest":30,"minecraft:crouch_one_cm":1381,"minecraft:play_time":135258,"minecraft:deaths":4,"minecraft:sneak_time":393,"minecraft:walk_under_water_one_cm":5788,"minecraft:jump":1909,"minecraft:walk_on_water_one_cm":743,"minecraft:total_world_time":135258,"minecraft:fall_one_cm":60360},"minecraft:used":{"minecraft:cooked_mutton":3,"minecraft:poppy":2,"minecraft:baked_potato":3,"minecraft:oak_planks":1,"minecraft:wooden_pickaxe":11,"minecraft:wooden_shovel":2,"minecraft:cookie":3,"minecraft:white_wool":1,"minecraft:dirt":4,"minecraft:crafting_table":1,"minecraft:wooden_axe":51,"minecraft:bread":16,"minecraft:stone_axe":84,"minecraft:wooden_sword":8,"minecraft:cobblestone":1,"minecraft:cooked_beef":5,"minecraft:potato":6},"minecraft:dropped":{"minecraft:bread":11,"minecraft:oak_log":64,"minecraft:baked_potato":2,"minecraft:cookie":2,"minecraft:cooked_mutton":2,"minecraft:dirt":2},"minecraft:crafted":{"minecraft:cooked_beef":5,"minecraft:wooden_sword":1,"minecraft:oak_planks":200,"minecraft:wooden_shovel":1,"minecraft:crafting_table":2,"minecraft:wooden_pickaxe":1,"minecraft:baked_potato":5,"minecraft:stone_axe":1,"minecraft:cooked_mutton":5,"minecraft:air":0,"minecraft:stick":16,"minecraft:iron_pickaxe":1,"minecraft:wooden_axe":2,"minecraft:iron_shovel":1},"minecraft:picked_up":{"minecraft:iron_chestplate":2,"minecraft:cooked_beef":5,"minecraft:leather":2,"minecraft:wooden_pickaxe":1,"minecraft:potato":13,"minecraft:oak_log":121,"minecraft:gunpowder":3,"minecraft:string":1,"minecraft:cornflower":21,"minecraft:dirt":6,"minecraft:iron_leggings":3,"minecraft:wheat_seeds":8,"minecraft:iron_ingot":4,"minecraft:beef":7,"minecraft:poppy":2,"minecraft:oak_planks":1,"minecraft:music_disc_chirp":1,"minecraft:stick":10,"minecraft:dandelion":1,"minecraft:cookie":1,"minecraft:carrot":1,"minecraft:rotten_flesh":12,"minecraft:bread":106,"minecraft:oak_sapling":9,"minecraft:mutton":4,"minecraft:coal":4,"minecraft:white_wool":2,"minecraft:cobblestone":8,"minecraft:oxeye_daisy":3},"minecraft:killed":{"minecraft:zombie_villager":1,"minecraft:iron_golem":2,"minecraft:sheep":2,"minecraft:zombie":1,"minecraft:cow":3}},"DataVersion":3953}